outcome,beta_mean,ci_3pct,ci_97pct,prob_negative,prob_positive,ci_excludes_0
firearm_death_rate_2024,0.033357478154571185,-0.17614459475655705,0.23969495826441803,0.3835,0.6165,False
firearm_homicide_rate_2024,0.00564998080974723,-0.1904009394093622,0.19638477614262337,0.469,0.531,False
firearm_suicide_rate_2024,-0.021700132401633113,-0.23106522733884952,0.1867492857922301,0.5775,0.4225,False
adult_obesity_pct_2024,0.19396148955614823,-0.06498895646199304,0.45012258338007266,0.072,0.928,False
literacy_avg_score,-0.04890056469305047,-0.1785157554362143,0.08083156335743628,0.768,0.232,False
numeracy_avg_score,-0.04087568063097169,-0.1701433007764023,0.08089182538255722,0.736,0.264,False
imprisonment_rate_2023_all_ages,-0.01873282902927665,-0.2675447861890024,0.24325872366751475,0.576,0.424,False
