outcome,beta_mean,ci_3pct,ci_97pct,prob_negative,prob_positive,ci_excludes_0
firearm_death_rate_2024,-0.10017022897974288,-0.3261066884696515,0.12723706857419156,0.8165,0.1835,False
firearm_homicide_rate_2024,-0.07879542793864744,-0.2949741938396883,0.12244809294724186,0.747,0.253,False
firearm_suicide_rate_2024,-0.1335722603021053,-0.3157471455010211,0.05569392992983693,0.917,0.083,False
adult_obesity_pct_2024,0.0470812794413369,-0.18317847985014613,0.30130950325442435,0.3855,0.6145,False
literacy_avg_score,-0.030866941135531987,-0.15111478969949552,0.09109379497613554,0.696,0.304,False
numeracy_avg_score,-0.014754815951814748,-0.12037834195278604,0.09709499413957252,0.5975,0.4025,False
imprisonment_rate_2023_all_ages,-0.11459650792925911,-0.3954662984787881,0.15221049062615952,0.798,0.202,False
