model,r,p
religiosity ~ firearm homicide (raw),0.5249654130370123,9.079965009613309e-05
... controlling gun ownership,0.48008426934583615,0.0004184289052831454
... controlling socioeconomic covariates,0.035076346131338164,0.8089132342212095
... controlling gun ownership + covariates,0.05460608832488359,0.7064423325300246
