dataset,raw_r,raw_p,adj_coef,adj_p,n
listwise (n=49),0.5433836905113204,5.469548399909637e-05,0.004479725627459294,0.9617893621525645,49
covariate-imputed (n=50),0.5496236922971232,3.564648394411872e-05,0.004204763037623904,0.9640175720150495,50
