dataset,raw_r,raw_p,adj_coef,adj_p,n
listwise (n=49),0.5433836905113204,5.469548399909637e-05,0.004479725627459038,0.9617893621525659,49
covariate-imputed (n=50),0.5496236922971229,3.5646483944118974e-05,0.004204763037620851,0.9640175720150782,50
