outcome,raw_r,raw_p,partial_r,partial_p,n
firearm_death_rate_2024,0.2965389271990129,0.036519010345142565,0.036826613682056364,0.7995703278272335,50
firearm_homicide_rate_2024,0.5249654130370123,9.079965009613309e-05,0.035076346131338164,0.8089132342212095,50
firearm_suicide_rate_2024,-0.042982531568950696,0.7669383207982937,-0.07739420934721992,0.5931891029273674,50
adult_obesity_pct_2024,0.5433836905113204,5.469548399909637e-05,0.3974596371036399,0.004685191150291897,49
literacy_avg_score,-0.5135293100483537,0.00013677222334677614,-0.08286861886941187,0.5672309935680829,50
numeracy_avg_score,-0.533256195827124,6.684444649419871e-05,-0.08260037764745082,0.5684905457541735,50
imprisonment_rate_2023_all_ages,0.4807761715764804,0.0004093280562358269,0.02812860788865843,0.8462488185622083,50
