variable,VIF
poverty_pct,10.7712620929212
median_household_income,8.008207327515093
less_than_hs_pct,6.785088749257737
pct_black,3.3107811597677976
pct_hispanic,3.192395280343363
religiously_affiliated_pct,2.883467367194763
unemployment_pct,2.852310327725733
population_density,2.5846399494483365
uninsured_pct,2.4007078377500757
median_age,1.915664971620433
